<settings>
	<id>1</id>
	<name>renderer1</name>  <!-- optional -->
	<server>
		<ip>localhost</ip>
		<port>9002</port> 
	</server>
	<local_dimensions>
		<width>1024</width>
		<height>576</height>
	</local_dimensions>
	<local_location>
		<x>2048</x>
		<y>0</y>
	</local_location>
	<master_dimensions>
		<width>3072</width>
		<height>576</height>
	</master_dimensions>
	<offset_window>true</offset_window>
	<verbose>false</verbose>
	<simulation fps="30">false</simulation>
</settings>